"Time (s)","Linear Acceleration x (m/s^2)","Linear Acceleration y (m/s^2)","Linear Acceleration z (m/s^2)","Absolute acceleration (m/s^2)"
9.025458363E-3,-3.577484411E-1,-3.347981197E-1,5.916984630E-1,7.682322560E-1
1.909545832E-2,-4.119603163E-1,-2.555940753E-1,5.242519999E-1,7.140586761E-1
2.916545834E-2,-4.706570059E-1,-1.300017303E-1,4.637198693E-1,6.733903654E-1
3.923545836E-2,-5.552258706E-1,-6.640682817E-3,4.059300828E-1,6.878219960E-1
4.930545832E-2,-5.880036074E-1,3.090838194E-3,3.520327878E-1,6.853355961E-1
5.937545834E-2,-5.923802483E-1,-6.047015011E-2,3.669314933E-1,6.994352854E-1
6.944545836E-2,-5.457019258E-1,-1.964565057E-1,1.268787324E-1,5.937035987E-1
7.951545832E-2,-4.140208751E-1,-3.578396577E-1,5.138942420E-2,5.496393168E-1
8.958545834E-2,-3.921253914E-1,-4.018118888E-1,-3.614163995E-3,5.614518490E-1
9.965545835E-2,-3.129336262E-1,-3.314967817E-1,-1.782114387E-2,4.562183291E-1
1.097254583E-1,-1.968441761E-1,-2.972502244E-1,3.245935589E-2,3.579929263E-1
1.197954583E-1,-1.277119607E-1,-2.702086061E-1,-4.015224516E-2,3.015547024E-1
1.298654584E-1,-1.849819297E-1,-1.621257484E-1,-8.587396324E-2,2.605329349E-1
1.399354583E-1,-2.032310897E-1,-2.667148948E-2,-1.844919330E-1,2.757743960E-1
1.500054583E-1,-1.622228122E-1,8.661597490E-2,-2.305644840E-1,2.949212593E-1
1.600754583E-1,-6.594022036E-2,9.927928984E-2,-1.794586498E-1,2.154295640E-1
1.701454583E-1,7.361059785E-3,1.501857340E-2,-5.925919175E-2,6.157430109E-2
1.802144583E-1,2.329764605E-2,2.083889186E-2,1.112684208E-1,1.155755216E-1
1.902854583E-1,2.810873508E-2,1.186926305E-2,2.078068283E-1,2.100348978E-1
2.003544584E-1,5.640165746E-2,-1.108316338E-1,1.168071958E-1,1.706127751E-1
2.104244583E-1,-7.265048504E-2,1.187218666E-2,2.613775563E-1,2.715460711E-1
2.204944583E-1,-2.212060153E-1,1.163245082E-2,2.789724129E-1,3.562204687E-1
2.305644584E-1,-3.019303358E-1,-2.706968486E-2,2.281653714E-1,3.794128783E-1
2.406344583E-1,-3.357617408E-1,-5.516614079E-2,1.318400949E-1,3.649124009E-1
2.507044583E-1,-3.952326018E-1,-9.883022368E-2,6.002839297E-2,4.118004742E-1
2.607744584E-1,-4.212018406E-1,-1.252035052E-1,1.080439737E-1,4.525045950E-1
2.708444583E-1,-4.024925047E-1,-3.583559668E-1,2.095650861E-1,5.782185924E-1
2.809144583E-1,-3.413206887E-1,-5.797081625E-1,2.782128596E-1,7.279860998E-1
2.909844583E-1,-2.557507807E-1,-7.655472940E-1,3.351939762E-1,8.739714657E-1
3.010544583E-1,-2.962795866E-1,-8.919570798E-1,4.225490391E-1,1.030493433E0
3.111244583E-1,-3.675396037E-1,-8.779372108E-1,5.700099707E-1,1.109400952E0
3.211944583E-1,-5.357230675E-1,-7.707904923E-1,7.020596883E-1,1.172179591E0
3.312644583E-1,-7.235566843E-1,-6.587923390E-1,7.529015207E-1,1.234666887E0
3.413344583E-1,-9.525815964E-1,-5.656754297E-1,6.442701942E-1,1.281594504E0
3.514078333E-1,-1.148093777E0,-3.651176870E-1,5.911590573E-1,1.341975885E0
3.614778334E-1,-1.293112326E0,-2.341476578E-1,5.360247838E-1,1.419255855E0
3.715478333E-1,-1.337709625E0,-2.148348892E-1,4.696904612E-1,1.433956136E0
3.816168333E-1,-1.309195093E0,-1.137897402E-1,2.823281300E-1,1.344116464E0
3.916868333E-1,-1.387105733E0,1.579087365E-1,2.152056026E-1,1.412554755E0
4.017568333E-1,-1.416510796E0,4.447485781E-1,1.562083662E-1,1.492884854E0
4.118268333E-1,-1.485369362E0,7.679428983E-1,4.545859337E-2,1.672759672E0
4.218968333E-1,-1.525393553E0,1.116348658E0,2.924309492E-2,1.890480091E0
4.319668334E-1,-1.600665929E0,1.438815585E0,-1.061830974E-1,2.154900590E0
4.420368333E-1,-1.659860802E0,1.743278350E0,-3.442209077E-1,2.431593165E0
4.521068333E-1,-1.685735900E0,2.093270459E0,-3.333252060E-1,2.708245268E0
4.621768334E-1,-1.544213401E0,2.508735012E0,-3.919534832E-2,2.946164059E0
4.722468333E-1,-1.146054268E0,2.698083057E0,9.265614867E-2,2.932861697E0
4.823168333E-1,-8.207958806E-1,2.785324684E0,1.666164100E-3,2.903746244E0
4.923868334E-1,-7.620939285E-1,2.828718041E0,3.595774502E-2,2.929799630E0
5.024568333E-1,-8.558861911E-1,2.734727558E0,-4.141109222E-1,2.895300303E0
5.125268333E-1,-8.665129209E-1,2.993891943E0,-7.286215425E-1,3.200800363E0
5.225968334E-1,-8.735722643E-1,3.370741484E0,-9.107713732E-1,3.599240357E0
5.326668333E-1,-9.175468343E-1,3.586387382E0,-1.555392400E0,4.015384435E0
5.427368333E-1,-7.932478935E-1,3.424173340E0,-2.216994034E0,4.155630858E0
5.528068334E-1,-9.238916481E-1,3.745580751E0,-2.260488840E0,4.471326508E0
5.628758334E-1,-1.173086531E0,2.754526815E0,-1.770049242E0,3.478020170E0
5.729458333E-1,-3.638611203E-1,3.203592392E0,-3.988479352E0,5.128680793E0
5.830158333E-1,1.186633945E-1,4.303448979E0,-3.560111456E0,5.586425305E0
5.930858334E-1,1.382738448E0,3.772880232E0,-3.380431197E0,5.251086167E0
6.031558333E-1,2.933050495E0,2.946276897E0,-2.855134300E0,5.043324759E0
6.132258333E-1,3.887103251E0,2.581033494E0,-3.355767349E0,5.747388979E0
6.232958334E-1,4.909504110E0,2.149665685E0,-3.272135793E0,6.279424003E0
6.333658333E-1,5.485667106E0,1.256628039E0,-2.525711818E0,6.168539358E0
6.434358333E-1,6.273170695E0,6.690068400E-1,-2.081295654E0,6.643194436E0
6.535058334E-1,8.148204355E0,5.604380786E-1,-2.079229102E0,8.427960530E0
6.635758333E-1,1.104641714E1,4.879010296E-1,-2.395311600E0,1.131365974E1
6.736458333E-1,1.397966235E1,-1.008212006E-1,-3.060848994E0,1.431118167E1
6.837158334E-1,1.626954777E1,-1.285517378E0,-3.002252292E0,1.659410312E1
6.937858333E-1,1.821925973E1,-2.617213141E0,-2.200612475E0,1.853736564E1
7.038558333E-1,1.978701051E1,-3.606604130E0,-1.518830053E0,2.017028069E1
7.139258333E-1,2.144922189E1,-3.735610079E0,4.897078192E-1,2.177759666E1
7.239958333E-1,2.333345206E1,-3.489252266E0,3.090736452E0,2.379448503E1
7.340658333E-1,2.550996348E1,-3.853153732E0,5.643284651E0,2.640931071E1
7.441358333E-1,2.807326587E1,-4.806625274E0,8.130957407E0,2.961966191E1
7.542048334E-1,3.032595014E1,-6.288260019E0,9.468706208E0,3.238613690E1
7.642748333E-1,3.132152749E1,-8.129240665E0,9.713671800E0,3.378576709E1
7.743448333E-1,3.075772960E1,-9.230251492E0,1.101585257E1,3.394973462E1
7.844148334E-1,2.958424721E1,-8.707564791E0,1.140478714E1,3.288036705E1
7.944848333E-1,2.779517931E1,-1.135920341E1,1.118438219E1,3.204206455E1
8.045548333E-1,2.565633098E1,-1.275347900E1,1.133711497E1,3.081280127E1
8.146248334E-1,2.393307700E1,-1.375559003E1,1.058380649E1,2.956392044E1
8.246948333E-1,2.196390083E1,-1.492293868E1,9.151747359E0,2.808667867E1
8.347648333E-1,2.029862785E1,-1.547751317E1,8.581951396E0,2.693023573E1
8.448348333E-1,1.863362150E1,-1.547673082E1,8.014241136E0,2.551409626E1
8.549048333E-1,1.692443592E1,-1.499245857E1,6.814372019E0,2.361452966E1
8.649748333E-1,1.531715796E1,-1.456077969E1,6.159203199E0,2.201289207E1
8.750448333E-1,1.393306004E1,-1.432738924E1,7.084998701E0,2.120380747E1
8.851148334E-1,1.257332629E1,-1.465211904E1,8.245516641E0,2.099432474E1
8.951848333E-1,1.053415895E1,-1.582620135E1,8.858496045E0,2.097403410E1
9.052548333E-1,8.878315183E0,-1.557224742E1,9.600024147E0,2.033420355E1
9.153248334E-1,7.137573355E0,-1.614859461E1,9.853376985E0,2.021907760E1
9.253948333E-1,5.886201378E0,-1.840733308E1,8.381175553E0,2.106469514E1
9.354638333E-1,5.226629605E0,-1.876778235E1,7.061872963E0,2.072238792E1
9.455338334E-1,4.229034973E0,-1.897219399E1,6.247614269E0,2.041718800E1
9.556038333E-1,3.490214717E0,-2.002981030E1,5.208464645E0,2.098816341E1
9.656738333E-1,2.904547073E0,-1.980823824E1,4.464171395E0,2.051174108E1
9.757438333E-1,2.768293499E0,-1.960085154E1,4.909538609E0,2.039510724E1
9.858138333E-1,3.270831279E0,-1.948212499E1,5.709835321E0,2.056340806E1
9.958838333E-1,4.307310772E0,-1.930823582E1,5.557396070E0,2.054861425E1
1.005953833E0,5.466796972E0,-1.915503643E1,5.349318808E0,2.062562730E1
1.016023833E0,6.905252368E0,-1.873276689E1,5.518498637E0,2.071359198E1
1.026093833E0,8.969238802E0,-1.809480876E1,5.965277953E0,2.105834490E1
1.036163833E0,1.165461878E1,-1.754325377E1,5.858767412E0,2.186140543E1
1.046233833E0,1.453175762E1,-1.683168271E1,4.770591223E0,2.274282443E1
1.056303833E0,1.678463017E1,-1.618348143E1,3.494794257E0,2.357631159E1
1.066373833E0,1.879031518E1,-1.563254040E1,3.712493697E0,2.472316472E1
1.076443833E0,2.106753905E1,-1.477187937E1,3.689888069E0,2.599355489E1
1.086513833E0,2.300794224E1,-1.427325221E1,3.059545650E0,2.724797156E1
1.096583833E0,2.445039421E1,-1.372617268E1,3.224756389E0,2.822461066E1
1.106653833E0,2.559373770E1,-1.305271143E1,3.954236888E0,2.900083921E1
1.116722833E0,2.627731931E1,-1.280564669E1,4.636337690E0,2.959692087E1
1.126792833E0,2.660935462E1,-1.266243552E1,4.511152311E0,2.981183527E1
1.136862833E0,2.640537802E1,-1.265311272E1,3.667553459E0,2.950925614E1
1.146932833E0,2.506080142E1,-1.290543761E1,3.560208228E0,2.841248265E1
1.157002833E0,2.297328228E1,-1.201704675E1,3.078839707E0,2.610862626E1
1.167072833E0,2.023857460E1,-1.186222651E1,2.332668186E0,2.357442811E1
1.177142833E0,1.770835341E1,-1.167062846E1,2.394989272E0,2.134303921E1
1.187212833E0,1.455265089E1,-1.149974943E1,2.292883730E0,1.868906634E1
1.197282833E0,1.112333024E1,-1.139574851E1,2.351256630E0,1.609720372E1
1.207352833E0,8.043369625E0,-1.142023431E1,3.132084453E0,1.431528902E1
1.217422833E0,5.471632034E0,-1.209900366E1,2.864441020E0,1.358416980E1
1.227492833E0,3.615983648E0,-1.353084527E1,3.913018695E0,1.454203655E1
1.237562833E0,1.771701080E0,-1.635685722E1,5.785585999E0,1.744014645E1
1.247632833E0,-1.251156800E0,-1.925668559E1,8.312427499E0,2.101146792E1
1.257702833E0,-5.673192574E0,-2.096320133E1,1.176977151E1,2.470158791E1
1.267772833E0,-1.018245360E1,-2.254738045E1,1.526960724E1,2.907279883E1
1.277842833E0,-1.409244578E1,-2.319111913E1,1.738451941E1,3.222803981E1
1.287911833E0,-1.722391160E1,-2.298709341E1,1.839007444E1,3.410666257E1
1.297981833E0,-1.910107364E1,-2.272223793E1,1.907769881E1,3.528611204E1
1.308051833E0,-1.983002497E1,-2.233030842E1,1.934197191E1,3.558067512E1
1.318121833E0,-1.969507357E1,-2.201803436E1,1.824617680E1,3.472193439E1
1.328191833E0,-1.922337635E1,-2.103200435E1,1.636360725E1,3.285804387E1
1.338261833E0,-1.840997719E1,-1.977630777E1,1.425283958E1,3.054788119E1
1.348328458E0,-1.727060045E1,-1.882579375E1,1.223464854E1,2.832615002E1
1.358398458E0,-1.682146879E1,-1.802806513E1,1.058433040E1,2.683283427E1
1.368468458E0,-1.703530264E1,-1.788692621E1,9.638639159E0,2.651503404E1
1.378538458E0,-1.680931945E1,-1.825393372E1,9.360653172E0,2.652133376E1
1.388608458E0,-1.523951629E1,-1.872772074E1,9.306686879E0,2.587633671E1
1.398678458E0,-1.295212061E1,-1.902113519E1,9.129419181E0,2.475696482E1
1.408748458E0,-9.278939502E0,-2.006707811E1,9.188832155E0,2.394203372E1
1.418818458E0,-4.334499448E0,-2.129808306E1,1.001407367E1,2.393068948E1
1.428888458E0,8.557932204E-1,-2.219683519E1,1.106509548E1,2.481669222E1
1.438958458E0,5.237970865E0,-2.314371692E1,1.256343748E1,2.684972873E1
1.449027458E0,7.992677774E0,-2.349167303E1,1.476053812E1,2.887239314E1
1.459097458E0,9.603816651E0,-2.329992880E1,1.677256268E1,3.027274079E1
1.469167458E0,1.007772179E1,-2.316789165E1,1.702645580E1,3.046656983E1
1.479237458E0,1.076198284E1,-2.331152032E1,1.613900517E1,3.032679908E1
1.489307458E0,1.254627239E1,-2.316811151E1,1.483778919E1,3.023789559E1
1.499377458E0,1.461669193E1,-2.279723899E1,1.306893161E1,3.006923282E1
1.509447458E0,1.590839099E1,-2.297509024E1,1.135655580E1,3.016459903E1
1.519517458E0,1.616664613E1,-2.349412185E1,1.018297284E1,3.028245605E1
1.529587458E0,1.560572156E1,-2.446905852E1,9.254147308E0,3.046165807E1
1.539657458E0,1.439891239E1,-2.575622013E1,8.745404463E0,3.077651138E1
1.549727458E0,1.254246235E1,-2.749957684E1,8.587967012E0,3.142122317E1
1.559797458E0,9.812666330E0,-2.974337568E1,8.946866770E0,3.257304472E1
1.569867458E0,7.123645288E0,-3.107822718E1,1.149121016E1,3.389174586E1
1.579937458E0,4.946618727E0,-3.036607374E1,1.502965505E1,3.424117407E1
1.590007458E0,3.291164972E0,-2.885127066E1,1.759534311E1,3.395325735E1
1.600077458E0,2.880653595E0,-2.742617323E1,1.765120624E1,3.274230024E1
1.610147458E0,2.493318243E0,-2.574694879E1,1.539798987E1,3.010348983E1
1.620217458E0,1.844662052E0,-2.331845746E1,1.266379441E1,2.659934069E1
1.630286458E0,5.833556557E-1,-2.074516334E1,8.914719948E0,2.258703915E1
1.640356458E0,-4.611774999E-1,-1.947296124E1,5.190774479E0,2.015820041E1
1.650426458E0,-9.929817635E-1,-1.946131592E1,2.941987672E0,1.970746360E1
1.660496458E0,-7.517566359E-1,-1.924268853E1,1.140180155E0,1.929109148E1
1.670566458E0,-1.523994899E-1,-1.848000696E1,6.295314100E-1,1.849135453E1
1.680636458E0,7.025610870E-1,-1.752532972E1,1.788946858E0,1.763040285E1
1.690706458E0,2.390811875E0,-1.587505484E1,3.631117412E0,1.645959785E1
1.700776458E0,4.604032116E0,-1.426713252E1,4.692030957E0,1.570870257E1
1.710846458E0,6.499891804E0,-1.252613575E1,5.321905891E0,1.508228605E1
1.720916458E0,7.768375658E0,-1.082213900E1,6.080831798E0,1.464386794E1
1.730986458E0,8.524342289E0,-1.013311948E1,6.845994930E0,1.490678263E1
1.741056458E0,8.621557512E0,-9.704660071E0,8.230430240E0,1.537048024E1
1.751126458E0,9.185581688E0,-8.825423024E0,1.030511182E1,1.638469811E1
1.761196458E0,1.089786161E1,-8.245204985E0,1.233132991E1,1.840675122E1
1.771266458E0,1.384358711E1,-8.468117217E0,1.556030741E1,2.248281744E1
1.781336458E0,1.851956805E1,-9.329536629E0,1.948950418E1,2.845795895E1
1.791406458E0,2.508911130E1,-1.063227055E1,2.271684913E1,3.547624441E1
1.801475458E0,3.364893917E1,-1.230084838E1,2.475876467E1,4.354949375E1
1.811545458E0,4.326474144E1,-1.317059481E1,2.613579331E1,5.223391725E1
1.821615458E0,5.177907798E1,-1.239845244E1,2.814024690E1,6.022182358E1
1.831685458E0,5.667330039E1,-1.150346826E1,3.094412012E1,6.558758518E1
1.841755458E0,5.696442156E1,-1.122286038E1,3.398139080E1,6.727282393E1
1.851825458E0,5.416131316E1,-1.112716953E1,3.498524312E1,6.543110102E1
1.861895458E0,5.056753489E1,-1.158112630E1,3.270263982E1,6.132422623E1
1.871965458E0,4.749032773E1,-1.234984688E1,2.798273694E1,5.648790590E1
1.882035458E0,4.446783179E1,-1.371729427E1,2.323222038E1,5.201238593E1
1.892105458E0,4.062637951E1,-1.546388098E1,1.951910045E1,4.765112390E1
1.902175458E0,3.647585042E1,-1.739246344E1,1.636654138E1,4.359872848E1
1.912245458E0,3.233707658E1,-1.941107665E1,1.481868634E1,4.052246146E1
1.922315458E0,2.800718532E1,-2.041817300E1,1.430913774E1,3.749740846E1
1.932385458E0,2.367292502E1,-2.037448261E1,1.375574322E1,3.412839569E1
1.942455458E0,1.959656436E1,-2.050060471E1,1.200510323E1,3.079647109E1
1.952525458E0,1.647341796E1,-2.104153531E1,1.026762532E1,2.862767607E1
1.962595458E0,1.383793636E1,-2.164243027E1,8.146686417E0,2.694905880E1
1.972665458E0,1.165003924E1,-2.273415221E1,6.049573753E0,2.625190343E1
1.982735458E0,9.925795920E0,-2.402945783E1,4.963735866E0,2.646837626E1
1.992805458E0,8.316221758E0,-2.563934833E1,3.975286864E0,2.724589203E1
2.002875458E0,6.493216622E0,-2.753684465E1,2.145586667E0,2.837328352E1
2.012944458E0,4.460588222E0,-2.916155667E1,7.834204781E-1,2.951113319E1
2.023014458E0,2.883046276E0,-2.992188181E1,7.145560652E-1,3.006894673E1
2.033084458E0,2.010192634E0,-2.994578991E1,7.798858362E-1,3.002331477E1
2.043154458E0,1.573372881E0,-2.967860490E1,1.007323083E0,2.973734673E1
2.053224458E0,1.955282602E0,-2.950119336E1,1.654471423E0,2.961217343E1
2.063294458E0,2.804439817E0,-2.969579805E1,2.245427874E0,2.991232607E1
2.073364458E0,4.292253315E0,-2.929983162E1,2.789137069E0,2.974361877E1
2.083434458E0,5.825053536E0,-2.880479933E1,2.985349746E0,2.953912704E1
2.093504458E0,7.008356906E0,-2.813576559E1,4.201431438E0,2.929830026E1
2.103574458E0,7.861337031E0,-2.688893339E1,5.806713159E0,2.861002056E1
2.113644458E0,8.919244523E0,-2.580617640E1,7.179421878E0,2.823217601E1
2.123714458E0,1.076671207E1,-2.489417916E1,8.364666524E0,2.838326780E1
2.133784458E0,1.372004480E1,-2.348359686E1,9.138561888E0,2.869202440E1
2.143854458E0,1.721450343E1,-2.113782492E1,1.030216716E1,2.914243330E1
2.153924458E0,2.101617009E1,-1.912776034E1,1.174072722E1,3.074728112E1
2.163994458E0,2.514197013E1,-1.799192466E1,1.334026347E1,3.367180786E1
2.174064458E0,2.885845572E1,-1.738140401E1,1.375588823E1,3.638884627E1
2.184133458E0,3.048659187E1,-1.726733185E1,1.339990273E1,3.751200376E1
2.194203458E0,2.975509350E1,-1.736816475E1,1.360513298E1,3.704211629E1
2.204273458E0,2.737148071E1,-1.663349835E1,1.421327615E1,3.504123917E1
2.214343458E0,2.440226227E1,-1.541261259E1,1.387649524E1,3.202461789E1
2.224413458E0,2.139972404E1,-1.491846439E1,1.284903537E1,2.907931359E1
2.234483458E0,1.869820166E1,-1.430597791E1,1.235481818E1,2.658806652E1
2.244553458E0,1.560421883E1,-1.382092330E1,1.152677526E1,2.381965814E1
2.254623458E0,1.186366610E1,-1.401017195E1,1.010417693E1,2.095533065E1
2.264693458E0,7.827672272E0,-1.451891011E1,8.494722633E0,1.855347721E1
2.274763458E0,2.505291587E0,-1.606463210E1,6.694065557E0,1.758292934E1
2.284833458E0,-3.543549510E0,-1.939022547E1,5.015231709E0,2.033937404E1
2.294903458E0,-1.078461858E1,-2.357025493E1,2.928877337E0,2.608530694E1
2.304973458E0,-1.806815832E1,-2.700963630E1,1.199634644E0,3.251796306E1
2.315043458E0,-2.259771328E1,-3.087336413E1,1.104632592E-1,3.826007659E1
2.325113458E0,-2.481831973E1,-3.555560861E1,8.965594232E-1,4.336996791E1
2.335183458E0,-2.678729241E1,-3.917315697E1,4.905039761E0,4.770906284E1
2.345257958E0,-2.955099994E1,-4.210140281E1,1.141401755E1,5.268841915E1
2.355326958E0,-3.277399457E1,-4.260725245E1,1.827771434E1,5.677664593E1
2.365396958E0,-3.379350573E1,-4.095992808E1,2.296691817E1,5.785495716E1
2.375466958E0,-3.114543976E1,-3.825042190E1,2.318771605E1,5.450507654E1
2.385536958E0,-2.524352925E1,-3.593239149E1,1.958223400E1,4.808156004E1
2.395606958E0,-1.744965154E1,-3.355219348E1,1.394778683E1,4.030856961E1
2.405676958E0,-8.760367488E0,-3.070048536E1,7.714650271E0,3.284478145E1
2.415746958E0,-1.071002331E0,-2.783541284E1,3.112378167E0,2.802934447E1
2.425816958E0,5.189937742E0,-2.596506397E1,1.318037252E0,2.651145456E1
2.435886958E0,9.969769320E0,-2.572022233E1,2.980950885E0,2.774548982E1
2.445956958E0,1.394170105E1,-2.683530975E1,5.983813627E0,3.082711312E1
2.456026958E0,1.771245348E1,-2.817249312E1,1.116325152E1,3.510040686E1
2.466096958E0,2.128868776E1,-2.876745433E1,1.685411965E1,3.955800809E1
2.476166958E0,2.346881978E1,-2.808641042E1,2.014068520E1,4.177653830E1
2.486236958E0,2.403487469E1,-2.656186120E1,2.133804294E1,4.169556029E1
2.496306958E0,2.357436903E1,-2.497298794E1,2.029891553E1,3.989294391E1
2.506376958E0,2.285628417E1,-2.372429866E1,1.740762059E1,3.725959377E1
2.516446958E0,2.197915973E1,-2.233979962E1,1.384236855E1,3.426019960E1
2.526515958E0,2.087834888E1,-2.154873917E1,1.135514662E1,3.208103748E1
2.536585958E0,1.945383850E1,-2.166802704E1,1.027179555E1,3.087822878E1
2.546655958E0,1.765324341E1,-2.273057372E1,1.006858610E1,3.049085781E1
2.556725958E0,1.512417763E1,-2.466786385E1,1.070506604E1,3.085194799E1
2.566795958E0,1.248731843E1,-2.623804240E1,1.276004543E1,3.173620566E1
2.576865958E0,9.924100227E0,-2.648816523E1,1.507992005E1,3.205486939E1
2.586935958E0,7.834218814E0,-2.633527458E1,1.582240885E1,3.170599775E1
2.597005958E0,6.484077424E0,-2.637841300E1,1.481031078E1,3.093879826E1
2.607075958E0,5.650347503E0,-2.557124697E1,1.320225631E1,2.932771165E1
2.617145958E0,5.282358248E0,-2.462180182E1,1.145547080E1,2.766521724E1
2.627215958E0,4.807053291E0,-2.388144141E1,1.005489192E1,2.635397231E1
2.637285958E0,3.998578663E0,-2.315125515E1,8.931291541E0,2.513438313E1
2.647355958E0,2.791163129E0,-2.246463533E1,8.072150790E0,2.403351931E1
2.657425958E0,1.631420529E0,-2.182694735E1,6.810313466E0,2.292286049E1
2.667495958E0,7.259136969E-1,-2.143681410E1,5.242898898E0,2.208057831E1
2.677565958E0,-5.254249513E-2,-2.116717794E1,3.857506692E0,2.151586718E1
2.687635958E0,-4.369887382E-1,-2.129635697E1,3.367609423E0,2.156540221E1
2.697705958E0,-5.987256467E-1,-2.017198184E1,3.570598145E0,2.049430396E1
2.707775958E0,4.207913661E-1,-1.880408187E1,2.904270792E0,1.903169328E1
2.717844958E0,2.345272590E0,-1.847547069E1,1.007322060E0,1.865095221E1
2.727914958E0,4.511527995E0,-1.824058336E1,-8.820796707E-1,1.881092317E1
2.737984958E0,6.311291032E0,-1.810243938E1,-1.331223308E0,1.921725426E1
2.748054958E0,8.441141673E0,-1.816782528E1,3.081655142E-1,2.003541151E1
2.758124958E0,1.144878042E1,-1.691353905E1,2.158405810E0,2.053779667E1
2.768194958E0,1.665687318E1,-1.574681488E1,1.627583002E0,2.297961334E1
2.778264958E0,2.455852092E1,-1.727889881E1,3.748041844E-1,3.003034752E1
2.788334958E0,3.492110852E1,-2.248227755E1,1.883745134E0,4.157505406E1
2.798404958E0,4.564504003E1,-2.923163204E1,9.910093807E0,5.510143328E1
2.808474958E0,5.284299524E1,-3.152655893E1,2.327349471E1,6.578724511E1
2.818544958E0,5.759756743E1,-2.900550852E1,3.800598022E1,7.485488515E1
2.828614958E0,6.121474391E1,-2.460589506E1,4.914414485E1,8.226689441E1
2.838684958E0,6.363008836E1,-1.788397220E1,5.250546121E1,8.441236914E1
2.848754958E0,6.651734990E1,-9.551869987E0,4.699476919E1,8.200185601E1
2.858824958E0,7.011823837E1,-3.036773084E0,3.680797929E1,7.925034184E1
2.868894958E0,7.129529692E1,1.236473857E0,2.793038097E1,7.658103167E1
2.878964958E0,6.852770216E1,2.988027771E0,2.214398104E1,7.207863879E1
2.889034958E0,6.165105846E1,2.411778236E0,1.899724814E1,6.455668146E1
2.899104958E0,5.230318029E1,4.775964814E-1,1.793217547E1,5.529388469E1
2.909174958E0,4.322219710E1,-2.231927823E0,1.810112492E1,4.691258411E1
2.919243958E0,3.577905644E1,-6.039697221E0,1.813019143E1,4.056257714E1
2.929313958E0,3.001124130E1,-9.772153897E0,1.759404620E1,3.613474862E1
2.939383958E0,2.528047430E1,-1.301362280E1,1.615578902E1,3.270269527E1
2.949453958E0,2.204146064E1,-1.621851093E1,1.349334123E1,3.051124943E1
2.959523958E0,1.977000915E1,-1.952554876E1,1.044077073E1,2.968349726E1
2.969593958E0,1.752490521E1,-2.277619369E1,7.938907363E0,2.981448560E1
2.979663958E0,1.499620663E1,-2.569689428E1,6.496141400E0,3.045351281E1
2.989733958E0,1.209688463E1,-2.797586062E1,5.640240006E0,3.099670470E1
2.999803958E0,9.291934354E0,-2.934350799E1,4.739452461E0,3.114231710E1
3.009873958E0,7.015746033E0,-3.023818578E1,4.489257120E0,3.136434283E1
3.019943958E0,5.309988096E0,-3.038934098E1,4.454414731E0,3.116969408E1
3.030013958E0,3.979065335E0,-2.982349422E1,4.791589744E0,3.046691814E1
3.040083958E0,3.218930224E0,-2.914965875E1,5.247812898E0,2.979267792E1
3.050153958E0,3.275759313E0,-2.903854528E1,6.165743895E0,2.986610301E1
3.060223958E0,3.728352515E0,-2.854422635E1,8.194231882E0,2.993023399E1
3.070293958E0,4.874594479E0,-2.725904577E1,9.032612679E0,2.912739843E1
3.080363958E0,6.647728711E0,-2.664609619E1,8.190500189E0,2.865817567E1
3.090433958E0,9.114798803E0,-2.567723828E1,7.413468379E0,2.823755720E1
3.100502958E0,1.332537879E1,-2.378362685E1,6.861135710E0,2.811230708E1
3.110572958E0,1.837784090E1,-2.111643112E1,6.337995266E0,2.870224527E1
3.120642958E0,2.464570992E1,-1.913050853E1,5.936025503E0,3.175883771E1
3.130712958E0,3.140167644E1,-1.834281140E1,5.072038579E0,3.671851833E1
3.140782958E0,3.675962281E1,-1.855183532E1,3.281925201E0,4.130631303E1
3.150852958E0,3.976556645E1,-1.930792708E1,3.077280255E0,4.431214255E1
3.160922958E0,3.991244383E1,-2.054049208E1,4.266435519E0,4.509010379E1
3.170992958E0,3.760012732E1,-2.124312158E1,5.539169714E0,4.353989194E1
3.181062958E0,3.426278455E1,-2.112513178E1,6.123877246E0,4.071500301E1
3.191132958E0,3.070056956E1,-2.051469182E1,4.855627573E0,3.724184032E1
3.201202958E0,2.711748702E1,-1.974220213E1,3.338713360E0,3.370845078E1
3.211272958E0,2.363537654E1,-1.775203095E1,3.477253779E0,2.976334862E1
3.221342958E0,2.081863477E1,-1.660153396E1,3.475054057E0,2.685335145E1
3.231412958E0,1.852827221E1,-1.663944029E1,2.858330972E0,2.506666911E1
3.241482958E0,1.626810819E1,-1.671583300E1,3.745652672E0,2.362414719E1
3.251552958E0,1.407469714E1,-1.695999986E1,4.896778815E0,2.257691603E1
3.261622958E0,1.165599990E1,-1.782343948E1,5.574347148E0,2.201387459E1
3.271692958E0,8.013074616E0,-1.962964791E1,5.712529133E0,2.195826566E1
3.281761958E0,1.901126860E0,-2.264823556E1,4.354996862E0,2.314136675E1
3.291831958E0,-6.314957237E0,-2.579867326E1,3.370204709E0,2.677327971E1
3.301901958E0,-1.371357544E1,-2.985514871E1,3.555691838E0,3.304595286E1
3.311971958E0,-1.889979026E1,-3.476852894E1,5.906195347E0,4.001169604E1
3.322041958E0,-2.242612089E1,-3.939871682E1,1.123618969E1,4.670590695E1
3.332111958E0,-2.682931752E1,-4.275203887E1,1.829569687E1,5.368688508E1
3.342181958E0,-3.233470495E1,-4.339371231E1,2.484234710E1,5.954569356E1
3.352248083E0,-3.626926595E1,-4.230140097E1,2.861067411E1,6.263735986E1
3.362318083E0,-3.671838357E1,-4.071660906E1,2.881857537E1,6.194023113E1
3.372388083E0,-3.393375003E1,-3.850845719E1,2.666722569E1,5.784065691E1
3.382458083E0,-2.858817636E1,-3.629268990E1,2.241792777E1,5.135179309E1
3.392528083E0,-2.234354885E1,-3.397524421E1,1.678390628E1,4.399148673E1
3.402598083E0,-1.574716688E1,-3.163329167E1,1.178614254E1,3.724985319E1
3.412668083E0,-9.024405527E0,-2.997305197E1,8.370421354E0,3.240197051E1
3.422738083E0,-2.183503522E0,-2.868978226E1,6.091476654E0,2.941049781E1
3.432808083E0,4.693378156E0,-2.854194828E1,5.146988189E0,2.937962044E1
3.442878083E0,1.155213346E1,-2.935039367E1,5.566369207E0,3.202939060E1
3.452947083E0,1.784777793E1,-3.068879794E1,7.611798917E0,3.630819438E1
3.463017083E0,2.261187290E1,-3.159544849E1,1.155525822E1,4.053508547E1
3.473087083E0,2.515078305E1,-3.229950939E1,1.604469660E1,4.396876714E1
3.483157083E0,2.535448367E1,-3.203326695E1,1.966812960E1,4.534110007E1
3.493227083E0,2.424862083E1,-3.080604163E1,2.119563751E1,4.456750904E1
3.503297083E0,2.236425033E1,-2.934387519E1,2.006116307E1,4.199610658E1
3.513367083E0,2.048205968E1,-2.756601290E1,1.760277375E1,3.859089892E1
3.523437083E0,1.847591390E1,-2.594579388E1,1.455420859E1,3.501954600E1
3.533507083E0,1.648132106E1,-2.464515794E1,1.200789937E1,3.198761324E1
3.543577083E0,1.452126888E1,-2.419831372E1,9.980308342E0,2.993379681E1
3.553647083E0,1.222083040E1,-2.454388417E1,8.940234858E0,2.883884091E1
3.563717083E0,9.679762627E0,-2.599925614E1,9.438266773E0,2.930426597E1
3.573787083E0,7.147751019E0,-2.662331544E1,1.123406481E1,2.976735597E1
3.583857083E0,5.018375173E0,-2.616060655E1,1.301984073E1,2.964924412E1
3.593927083E0,4.168175399E0,-2.644457541E1,1.345248089E1,2.996094953E1
3.603997083E0,3.692219061E0,-2.595519854E1,1.177956676E1,2.874131184E1
3.614067083E0,3.444053873E0,-2.510131561E1,9.529552335E0,2.706935389E1
3.624136083E0,3.247423705E0,-2.451402127E1,7.581560626E0,2.586432023E1
3.634206083E0,2.796623844E0,-2.372522252E1,6.219017876E0,2.468569367E1
3.644276083E0,2.122266802E0,-2.303718299E1,5.347841216E0,2.374479358E1
3.654346083E0,1.648586785E0,-2.255456785E1,4.035841799E0,2.297203492E1
3.664416083E0,1.782146546E0,-2.255713594E1,2.421102791E0,2.275658514E1
3.674486083E0,2.331482517E0,-2.297188129E1,1.164356638E0,2.311923154E1
3.684556083E0,2.780700122E0,-2.249440468E1,1.367443740E0,2.270683680E1
3.694626083E0,3.193802984E0,-2.203572803E1,2.710971490E0,2.243040467E1
3.704696083E0,4.039282885E0,-2.196854586E1,3.869397297E0,2.266947394E1
3.714766083E0,5.435631897E0,-2.221736594E1,3.945072547E0,2.321036494E1
3.724836083E0,6.797388781E0,-2.240171695E1,4.256848132E0,2.379416258E1
3.734906083E0,8.728778490E0,-2.197094322E1,5.949075319E0,2.437838012E1
3.744976083E0,1.178237109E1,-2.124739472E1,7.887092262E0,2.554373260E1
3.755046083E0,1.714467364E1,-2.094797284E1,8.683118168E0,2.842804850E1
3.765116083E0,2.479495893E1,-2.079353384E1,7.088209991E0,3.312708497E1
3.775186083E0,3.150998792E1,-2.185468420E1,5.615563002E0,3.875617510E1
3.785256083E0,3.576270763E1,-2.207884540E1,9.012126374E0,4.298447502E1
3.795326083E0,3.974434808E1,-2.174928463E1,1.587292178E1,4.800618952E1
3.805395083E0,4.466262360E1,-2.123325615E1,2.354353316E1,5.477133435E1
3.815465083E0,4.932705511E1,-1.880865673E1,3.130694453E1,6.137628785E1
3.825535083E0,5.326887836E1,-1.626924605E1,3.742423606E1,6.710316843E1
3.835605083E0,5.506262169E1,-1.269985068E1,4.154241367E1,7.013523115E1
3.845675083E0,5.674752261E1,-7.914821513E0,4.222825464E1,7.117690083E1
3.855745083E0,6.079082545E1,-2.037476327E0,3.772229671E1,7.157267242E1
3.865815083E0,6.673590946E1,2.556009750E0,3.013178048E1,7.326758487E1
3.875885083E0,7.105006937E1,3.870695379E0,2.280102565E1,7.471935098E1
3.885955083E0,7.096539233E1,2.876663455E0,1.667599942E1,7.295513045E1
3.896025083E0,6.676858838E1,-2.217597467E-1,1.324674661E1,6.807033030E1
3.906095083E0,5.863210828E1,-4.297231050E0,1.173995539E1,5.995011984E1
3.916165083E0,4.969372699E1,-9.154782064E0,1.236644127E1,5.202120151E1
3.926235083E0,4.070361421E1,-1.339274807E1,1.262566589E1,4.467166160E1
3.936305083E0,3.296982016E1,-1.748454071E1,1.094379733E1,3.889067890E1
3.946375083E0,2.683807197E1,-2.204402874E1,8.420503925E0,3.573690245E1
3.956445083E0,2.204718857E1,-2.680791905E1,6.683026598E0,3.534693611E1
3.966515083E0,1.801019604E1,-3.095463108E1,5.389523678E0,3.621606428E1
3.976585083E0,1.458630044E1,-3.388338211E1,4.912901343E0,3.721532404E1
3.986655083E0,1.227795419E1,-3.591253434E1,4.606570977E0,3.823190786E1
3.996725083E0,1.084675110E1,-3.711036220E1,4.389155127E0,3.891138233E1
4.006794083E0,9.902362618E0,-3.706465568E1,4.652058806E0,3.864566130E1
4.016864083E0,9.415284877E0,-3.640385950E1,5.404424722E0,3.798810844E1
4.026934083E0,9.508369042E0,-3.581134009E1,7.116680084E0,3.772940891E1
4.037004083E0,1.001071386E1,-3.495511827E1,7.851152351E0,3.719832360E1
4.047074083E0,1.151080651E1,-3.405813434E1,7.533402958E0,3.673155784E1
4.057144083E0,1.321746024E1,-3.245065289E1,8.072716216E0,3.595712552E1
4.067214083E0,1.500258712E1,-3.007314461E1,8.716704574E0,3.471962824E1
4.077284083E0,1.745271081E1,-2.794830152E1,8.464582576E0,3.401990345E1
4.087354083E0,1.969921808E1,-2.620295443E1,8.582405725E0,3.388674817E1
4.097424083E0,2.249707802E1,-2.449040319E1,9.472739033E0,3.457789978E1
4.107494083E0,2.636060705E1,-2.336733082E1,9.804942158E0,3.656570312E1
4.117564083E0,2.949244125E1,-2.315469332E1,1.006481815E1,3.882324661E1
4.127634083E0,3.158981411E1,-2.316661462E1,1.008022322E1,4.045020753E1
4.137704083E0,3.358768140E1,-2.261434042E1,8.983731126E0,4.147587443E1
4.147774083E0,3.428781297E1,-2.167527291E1,6.138053820E0,4.102617797E1
4.157844083E0,3.361960018E1,-2.093271863E1,4.293552566E0,3.983579821E1
4.167913083E0,3.207197318E1,-1.932552253E1,4.713863291E0,3.774000254E1
4.177983083E0,2.983382742E1,-1.802101105E1,4.899353929E0,3.519684314E1
4.188053083E0,2.749464179E1,-1.771414684E1,4.977656332E0,3.308358184E1
4.198123083E0,2.502671215E1,-1.755492014E1,6.253032299E0,3.120275557E1
4.208193083E0,2.256588338E1,-1.717279524E1,7.574892461E0,2.935137109E1
4.218263083E0,1.970583479E1,-1.704153928E1,8.635343492E0,2.744636848E1
4.228333083E0,1.641404767E1,-1.701082620E1,9.730550373E0,2.556311365E1
4.238403083E0,1.199158213E1,-1.681045147E1,9.400699582E0,2.268837749E1
4.248473083E0,6.590004998E0,-1.740028350E1,8.545429103E0,2.047492101E1
4.258543083E0,6.267969596E-1,-1.900143475E1,7.472245760E0,2.042747791E1
4.268613083E0,-4.948891540E0,-2.170180056E1,6.079182884E0,2.307414440E1
4.278683083E0,-9.343394530E0,-2.505808597E1,4.917728219E0,2.719174038E1
4.288753083E0,-1.256893386E1,-2.967310150E1,4.184075732E0,3.249580805E1
4.298823083E0,-1.512375312E1,-3.274904567E1,7.275203363E0,3.679886526E1
4.308893083E0,-1.671941149E1,-3.535830484E1,1.201683976E1,4.091641333E1
4.318963083E0,-1.908637842E1,-3.710946640E1,1.463353191E1,4.422151732E1
4.329032083E0,-2.275190904E1,-3.847003397E1,1.626967641E1,4.756359163E1
4.339102083E0,-2.746257565E1,-3.880585359E1,1.821328621E1,5.090983333E1
4.349171667E0,-3.103010226E1,-3.743355418E1,2.063637238E1,5.282043250E1
4.359241667E0,-3.177452532E1,-3.486346667E1,2.081067554E1,5.155740474E1
4.369311667E0,-2.960789569E1,-3.203917497E1,1.909009374E1,4.761898675E1
4.379381667E0,-2.467503721E1,-2.940180707E1,1.647825010E1,4.177147887E1
4.389451667E0,-1.812719883E1,-2.711128429E1,1.285450252E1,3.505503257E1
4.399521667E0,-1.110308601E1,-2.480164581E1,9.399985052E0,2.875343236E1
4.409591667E0,-4.170920082E0,-2.306237046E1,6.856558510E0,2.441888409E1
4.419661667E0,2.337862414E0,-2.255505901E1,5.459040055E0,2.332375197E1
4.429731667E0,8.954023762E0,-2.346757549E1,5.782768811E0,2.577483377E1
4.439801667E0,1.512105170E1,-2.481820746E1,7.097225813E0,2.991588609E1
4.449871667E0,1.954445631E1,-2.576620952E1,9.099857413E0,3.359599277E1
4.459941667E0,2.278134860E1,-2.650282771E1,1.234463350E1,3.706453422E1
4.470011667E0,2.390879235E1,-2.745222842E1,1.523209735E1,3.946228562E1
4.480081667E0,2.314381282E1,-2.811932322E1,1.793607440E1,4.059599950E1
4.490151667E0,2.192548697E1,-2.821338621E1,2.025367445E1,4.107229564E1
4.500220667E0,2.009741814E1,-2.782861135E1,2.102325223E1,4.025313603E1
4.510290667E0,1.808836396E1,-2.652838472E1,2.018422590E1,3.792554656E1
4.520360667E0,1.617738045E1,-2.583615625E1,1.762391143E1,3.521103324E1
4.530430667E0,1.455125691E1,-2.568490983E1,1.436287132E1,3.282903811E1
4.540500667E0,1.294707330E1,-2.557039562E1,1.181417877E1,3.100075256E1
4.550570667E0,1.112029086E1,-2.670737033E1,9.997066462E0,3.060859090E1
4.560640667E0,8.816527655E0,-2.792366837E1,9.625440824E0,3.082387916E1
4.570710667E0,6.221360856E0,-2.836917007E1,1.034443317E1,3.083054393E1
4.580780667E0,4.222973165E0,-2.874717619E1,1.101793886E1,3.107456545E1
4.590850667E0,2.975829894E0,-2.832678477E1,1.188394541E1,3.086244413E1
4.600920667E0,2.970051091E0,-2.859952698E1,1.184598178E1,3.109793291E1
4.610990667E0,3.517905961E0,-2.887004724E1,1.086103117E1,3.104540687E1
4.621060667E0,4.115636412E0,-2.812220707E1,9.695206878E0,3.002988561E1
4.631130667E0,4.357546833E0,-2.764693135E1,7.939810174E0,2.909263847E1
4.641200667E0,4.321376542E0,-2.759020166E1,5.732992049E0,2.850895861E1
4.651270667E0,3.727710491E0,-2.653757187E1,5.116727679E0,2.728221854E1
4.661340667E0,3.076790258E0,-2.465735757E1,5.762511717E0,2.550800780E1
4.671409667E0,3.584970601E0,-2.421584368E1,4.261710969E0,2.484796329E1
4.681479667E0,5.537405609E0,-2.532979205E1,2.197556720E0,2.602096235E1
4.691549667E0,7.019712199E0,-2.535826097E1,9.279002067E-1,2.632828817E1
4.701619667E0,8.354447345E0,-2.486206625E1,2.357711372E-1,2.622927214E1
4.711689667E0,9.976397724E0,-2.423197263E1,8.014901286E-1,2.621753985E1
4.721759667E0,1.281741012E1,-2.203790553E1,2.605890885E0,2.562705504E1
4.731829667E0,1.776792836E1,-1.935055796E1,2.896356878E0,2.642976078E1
4.741899667E0,2.427015963E1,-1.805879108E1,1.858427567E0,3.030865119E1
4.751969667E0,3.118544874E1,-1.891344351E1,3.824169669E-1,3.647460489E1
4.762039667E0,3.797049464E1,-2.121012925E1,5.318299913E-1,4.349610200E1
4.772109667E0,4.411239593E1,-2.195213857E1,4.819169306E0,4.950782014E1
4.782179667E0,5.102100284E1,-2.193071671E1,1.268122028E1,5.696413270E1
4.792249667E0,5.955576721E1,-2.111329468E1,2.089196821E1,6.655174645E1
4.802319667E0,6.807238649E1,-1.768984347E1,2.733221549E1,7.545747391E1
4.812389667E0,7.245216619E1,-1.282599033E1,3.058701429E1,7.968304623E1
4.822459667E0,7.249895328E1,-9.764499307E0,3.046245222E1,7.924269473E1
4.832529667E0,7.251627039E1,-9.124710419E0,2.825138610E1,7.835821991E1
4.842599667E0,7.242146130E1,-9.753492508E0,2.475640707E1,7.715489850E1
4.852668667E0,7.139579886E1,-1.142261998E1,2.179689032E1,7.551781756E1
4.862738667E0,6.370794521E1,-1.258006462E1,2.023158134E1,6.801674200E1
4.872808667E0,5.205362580E1,-1.418614858E1,1.994326683E1,5.752008921E1
4.882878667E0,4.032573907E1,-1.447699961E1,1.947075333E1,4.706228835E1
4.892948667E0,3.074679764E1,-1.443168486E1,1.848581909E1,3.866994441E1
4.903018667E0,2.449320986E1,-1.515765294E1,1.566348153E1,3.278744310E1
4.913088667E0,2.093083816E1,-1.715145992E1,1.239734966E1,2.976519514E1
4.923158667E0,1.814034688E1,-1.936126539E1,9.617280450E0,2.822096500E1
4.933228667E0,1.562483377E1,-2.212058048E1,7.576447821E0,2.812219894E1
4.943298667E0,1.324996842E1,-2.503486083E1,6.197449252E0,2.899507367E1
4.953368667E0,1.061247188E1,-2.748262693E1,5.165093508E0,2.990982335E1
4.963438667E0,8.308177158E0,-2.934743030E1,4.739422055E0,3.086680408E1
4.973508667E0,6.941020371E0,-3.108060817E1,4.360240061E0,3.214332997E1
4.983578667E0,6.592378968E0,-3.304762321E1,3.837290236E0,3.391651009E1
4.993648667E0,6.457177894E0,-3.389420648E1,3.604707878E0,3.469158829E1
5.003718667E0,7.593992391E0,-3.400469547E1,3.470711914E0,3.501476653E1
5.013788667E0,9.296636100E0,-3.407393819E1,3.152436272E0,3.545981615E1
5.023858667E0,1.002998395E1,-3.382515086E1,2.847047893E0,3.539558010E1
5.033927667E0,1.055728352E1,-3.348307705E1,3.153593144E0,3.524936643E1
5.043997667E0,1.091996525E1,-3.313911810E1,3.817430753E0,3.510013628E1
5.054067667E0,1.091393560E1,-3.198369191E1,4.451871485E0,3.408650317E1
5.064137667E0,1.138975395E1,-3.115218744E1,5.463414942E0,3.361598103E1
5.074207667E0,1.254786167E1,-3.044495034E1,6.617753545E0,3.358777300E1
5.084277667E0,1.449417756E1,-2.971075055E1,7.882191710E0,3.398439094E1
5.094347667E0,1.731386282E1,-2.809307858E1,8.703927823E0,3.412842319E1
5.104417667E0,2.065609387E1,-2.533366992E1,7.733054967E0,3.358971844E1
5.114487667E0,2.469798403E1,-2.250503024E1,6.599070522E0,3.405898608E1
5.124557667E0,2.930407436E1,-2.030202157E1,5.349255073E0,3.604879171E1
5.134627667E0,3.293771193E1,-1.922934284E1,4.149243869E0,3.836504552E1
5.144697667E0,3.517282414E1,-1.883908330E1,5.029442782E0,4.021609022E1
5.154767667E0,3.496781374E1,-1.831715031E1,5.695444154E0,3.988363170E1
5.164837667E0,3.350809612E1,-1.747243931E1,5.802164025E0,3.823275753E1
5.174907667E0,3.118325019E1,-1.634431027E1,4.220170594E0,3.545901029E1
5.184977667E0,2.806030611E1,-1.493982895E1,2.062158740E0,3.185642426E1
5.195047667E0,2.486039395E1,-1.343166013E1,2.612354690E0,2.837733388E1
5.205116667E0,2.114149931E1,-1.259829624E1,3.016405478E0,2.479473257E1
5.215186667E0,1.766501619E1,-1.287876145E1,2.925406430E0,2.205613965E1
5.225256667E0,1.339411165E1,-1.385762043E1,3.429844555E0,1.957548734E1
5.235326667E0,7.703152891E0,-1.504809833E1,2.474428813E0,1.708527512E1
5.245396667E0,2.458267109E0,-1.957218147E1,1.641732094E0,1.979415694E1
5.255466667E0,-3.071797321E0,-2.525783388E1,1.415129684E0,2.548326319E1
5.265536667E0,-9.292599183E0,-3.023268471E1,3.083936141E0,3.177858220E1
5.275606667E0,-1.508496269E1,-3.607239254E1,6.720214305E0,3.967284819E1
5.285676667E0,-2.087157078E1,-4.074454940E1,1.156790107E1,4.721818620E1
5.295746667E0,-2.581398361E1,-4.329876288E1,1.707081980E1,5.322177661E1
5.305816667E0,-2.992672331E1,-4.419145028E1,2.154537819E1,5.755602807E1
5.315886667E0,-3.256994077E1,-4.363663839E1,2.412982879E1,5.955842417E1
5.325956667E0,-3.299575840E1,-4.179395153E1,2.372092365E1,5.829353889E1
5.336026667E0,-3.040590965E1,-3.899182546E1,2.026474440E1,5.343726845E1
5.346096667E0,-2.556849177E1,-3.607425897E1,1.519834956E1,4.675563881E1
5.356165292E0,-2.001272473E1,-3.283222582E1,1.036277355E1,3.982274826E1
5.366235292E0,-1.436698659E1,-2.916402185E1,6.620891161E0,3.317810534E1
5.376305292E0,-8.096678690E0,-2.619633070E1,3.154886255E0,2.759995028E1
5.386375292E0,-1.487216497E0,-2.404831861E1,-3.471268277E-1,2.409676198E1
5.396445292E0,4.681194313E0,-2.271437693E1,-2.665687144E0,2.334442947E1
5.406515292E0,1.000520111E1,-2.295681418E1,-2.860373990E0,2.520518014E1
5.416585292E0,1.530867014E1,-2.529513443E1,-4.469491777E-1,2.957023793E1
5.426655292E0,1.941746064E1,-2.888570608E1,3.585840082E0,3.498971338E1
5.436725292E0,2.133782308E1,-3.165198873E1,9.540564981E0,3.934683551E1
5.446795292E0,2.133246703E1,-3.254474629E1,1.521937614E1,4.178353828E1
5.456865292E0,1.964685743E1,-3.356688870E1,1.910923870E1,4.333472081E1
5.466935292E0,1.728985416E1,-3.321838763E1,2.233706312E1,4.360441173E1
5.477005292E0,1.537831282E1,-3.255182142E1,2.327696561E1,4.287109412E1
5.487075292E0,1.380038437E1,-3.160684354E1,2.100990187E1,4.038389709E1
5.497145292E0,1.174573127E1,-3.021652535E1,1.718409908E1,3.669187742E1
5.507215292E0,9.575372871E0,-2.918825272E1,1.341817995E1,3.352147693E1
5.517284292E0,7.610342960E0,-2.874567930E1,1.064745577E1,3.158480193E1
5.527354292E0,5.604016505E0,-2.874138511E1,8.936317223E0,3.061584532E1
5.537424292E0,3.459263358E0,-2.935591110E1,7.604505100E0,3.052154186E1
5.547494292E0,1.659640362E0,-3.044030765E1,6.263282468E0,3.112226603E1
5.557564292E0,3.342952591E-1,-3.061360509E1,5.199587987E0,3.105382883E1
5.567634292E0,-2.286439660E-1,-3.022188608E1,4.491132907E0,3.055462241E1
5.577704292E0,-3.586910123E-1,-3.026902633E1,2.728620726E0,3.039388072E1
5.587774292E0,-1.993327510E-1,-3.035667141E1,1.157794307E0,3.037939632E1
5.597844292E0,-7.138280869E-3,-3.046571497E1,9.745495856E-2,3.046587168E1
5.607914292E0,1.401893342E-1,-3.081407804E1,-6.388623968E-1,3.082101887E1
5.617984292E0,4.428716218E-1,-3.090201549E1,-4.805885017E-1,3.090892528E1
5.628054292E0,1.325818727E0,-3.082920830E1,3.772915900E-2,3.085772680E1
5.638124292E0,2.919528224E0,-3.117204926E1,6.719971061E-2,3.130854222E1
5.648194292E0,4.567135600E0,-3.177798687E1,2.188162583E-1,3.210524969E1
5.658264292E0,5.948718638E0,-3.232338708E1,1.745109113E0,3.291252059E1
5.668333292E0,7.798109334E0,-3.242082742E1,3.021663879E0,3.348209988E1
5.678403292E0,9.860553857E0,-3.211480520E1,3.508876106E0,3.377726228E1
5.688473292E0,1.278738701E1,-3.067293561E1,3.902625854E0,3.346007672E1
5.698543292E0,1.657330478E1,-2.835077707E1,4.779399761E0,3.318559407E1
5.708613292E0,2.159697402E1,-2.536641199E1,6.206935775E0,3.388820143E1
5.718683292E0,2.724255195E1,-2.227146672E1,7.598342720E0,3.599874551E1
5.728753292E0,3.343740094E1,-2.094801494E1,7.992984753E0,4.025874957E1
5.738823292E0,3.886805627E1,-2.138206078E1,8.937305403E0,4.525255517E1
5.748893292E0,4.335018096E1,-2.039078698E1,1.279567251E1,4.958580057E1
5.758963292E0,4.834865689E1,-1.730788463E1,1.860523560E1,5.461968771E1
5.769033292E0,5.471034800E1,-1.338193774E1,2.535761778E1,6.176817316E1
5.779103292E0,6.160433219E1,-1.021266032E1,3.072587631E1,6.959505479E1
5.789173292E0,6.808831899E1,-7.729188788E0,3.368008846E1,7.635514325E1
5.799243292E0,7.181208319E1,-4.935012589E0,3.440141501E1,7.977961517E1
5.809313292E0,7.190012823E1,-3.108935911E0,3.333101436E1,7.931109910E1
5.819383292E0,7.188808296E1,-4.261143204E0,3.159361480E1,7.863975019E1
5.829453292E0,7.173383341E1,-6.986331614E0,2.968103734E1,7.794559425E1
5.839523292E0,6.777885159E1,-8.763953000E0,2.834512164E1,7.398800927E1
5.849592292E0,5.556657216E1,-9.429354447E0,2.682909299E1,6.242080500E1
5.859662292E0,4.454510859E1,-9.884679469E0,2.371215516E1,5.142217314E1
5.869732292E0,3.602472370E1,-1.057073211E1,1.937103257E1,4.224639627E1
5.879802292E0,2.944216689E1,-1.226719414E1,1.463166197E1,3.509146300E1
5.889872292E0,2.486422271E1,-1.523169974E1,1.077772355E1,3.108687139E1
5.899942292E0,2.138082117E1,-1.836901394E1,8.119793319E0,2.933413081E1
5.910012292E0,1.876068149E1,-2.184927202E1,7.140013983E0,2.967041721E1
5.920082292E0,1.651172190E1,-2.557821218E1,6.994118936E0,3.123779118E1
5.930152292E0,1.409107402E1,-2.910046730E1,6.365324568E0,3.295319288E1
5.940222292E0,1.152186126E1,-3.222383004E1,5.027203299E0,3.458903414E1
5.950292292E0,9.080973246E0,-3.506984766E1,3.660326885E0,3.641093631E1
5.960362292E0,6.632874445E0,-3.768882023E1,2.405082589E0,3.834353421E1
5.970432292E0,4.270881742E0,-3.899287328E1,1.912729490E0,3.927267665E1
5.980502292E0,2.694603964E0,-3.917567127E1,2.228063398E0,3.933139175E1
5.990572292E0,2.338355334E0,-3.918493560E1,2.380806558E0,3.932677617E1
6.000642292E0,2.676962914E0,-3.822132616E1,2.595704159E0,3.840278094E1
6.010711292E0,3.748756374E0,-3.697209894E1,3.491517477E0,3.732532610E1
6.020781292E0,4.970996354E0,-3.568670786E1,4.460446719E0,3.630630121E1
6.030851292E0,6.103625414E0,-3.399297531E1,5.673531128E0,3.499950812E1
6.040921292E0,7.807552003E0,-3.180360469E1,7.361280810E0,3.356509488E1
6.050991292E0,1.034925712E1,-2.995246743E1,9.167589805E0,3.298942453E1
6.061061292E0,1.340556868E1,-2.806667957E1,1.084966769E1,3.294181329E1
6.071131292E0,1.742612118E1,-2.650383811E1,1.226472428E1,3.400803722E1
6.081201292E0,2.142780004E1,-2.538192583E1,1.315527627E1,3.572749735E1
6.091271292E0,2.442377066E1,-2.507728355E1,1.393255952E1,3.767634455E1
6.101341292E0,2.738496205E1,-2.528665597E1,1.572721384E1,4.045610426E1
6.111411292E0,2.956958005E1,-2.502367394E1,1.537613532E1,4.167697037E1
6.121481292E0,2.995500044E1,-2.435216566E1,1.354090015E1,4.091070765E1
6.131551292E0,2.945925713E1,-2.302304910E1,1.153591446E1,3.912781546E1
6.141621292E0,2.711955460E1,-2.186595529E1,8.766925725E0,3.592282323E1
6.151691292E0,2.362676243E1,-2.006673663E1,7.144612234E0,3.181105634E1
6.161761292E0,2.013449417E1,-1.840169987E1,5.270613531E0,2.778128472E1
6.171830292E0,1.652069621E1,-1.737316061E1,3.207329055E0,2.418774633E1
6.181900292E0,1.250973548E1,-1.688930000E1,1.971906967E0,2.110995863E1
6.191970292E0,7.492601087E0,-1.769061062E1,2.418394507E0,1.936350710E1
6.202040292E0,1.499944131E0,-1.920069967E1,4.872068481E0,1.986589418E1
6.212110292E0,-4.468085521E0,-2.158528660E1,8.396744349E0,2.358799910E1
6.222180292E0,-1.029413776E1,-2.437320862E1,1.162812388E1,2.890044698E1
6.232250292E0,-1.582911444E1,-2.737801556E1,1.550018517E1,3.521892020E1
6.242320292E0,-2.045312766E1,-3.028217087E1,2.026244996E1,4.178405416E1
6.252390292E0,-2.468658897E1,-3.123614410E1,2.267605896E1,4.581842450E1
6.262460292E0,-2.798713405E1,-3.135881401E1,2.112303380E1,4.704080617E1
6.272530292E0,-2.804166518E1,-3.149546344E1,1.612551565E1,4.514788432E1
6.282600292E0,-2.494867755E1,-3.255892228E1,9.198024563E0,4.203716912E1
6.292670292E0,-2.207425884E1,-3.181194048E1,4.934210351E0,3.903356110E1
6.302740292E0,-2.195789925E1,-3.064249033E1,4.316386528E0,3.794394215E1
6.312809292E0,-2.494108319E1,-3.038046724E1,7.605183377E0,4.003584937E1
6.322879292E0,-2.778517356E1,-3.044418786E1,1.240952473E1,4.304486901E1
6.332949292E0,-2.715312697E1,-2.977895949E1,1.519264034E1,4.306849258E1
6.343019292E0,-2.266745419E1,-2.871731563E1,1.479731009E1,3.946464345E1
6.353093417E0,-1.615427576E1,-2.743913534E1,1.233552705E1,3.414721073E1
6.363163417E0,-8.285473005E0,-2.620101783E1,9.213330819E0,2.898323417E1
6.373233417E0,-1.244170547E-1,-2.586744821E1,6.547299859E0,2.668346851E1
6.383303417E0,6.551330345E0,-2.563230828E1,6.028697439E0,2.713448636E1
6.393373417E0,1.178726638E1,-2.587871930E1,7.739631915E0,2.947116665E1
6.403443417E0,1.571862779E1,-2.698395766E1,1.052788138E1,3.295520470E1
6.413513417E0,1.802170336E1,-2.830547986E1,1.350014739E1,3.616954467E1
6.423583417E0,1.882208077E1,-2.955870423E1,1.586237223E1,3.846560247E1
6.433653417E0,1.897749859E1,-2.949868140E1,1.743863539E1,3.917172017E1
6.443723417E0,1.937642254E1,-2.907582245E1,1.752764288E1,3.909050353E1
6.453793417E0,1.910710797E1,-2.912095360E1,1.578215077E1,3.823856426E1
6.463862417E0,1.814090587E1,-2.935439784E1,1.359724041E1,3.708986499E1
6.473932417E0,1.588739130E1,-2.975501631E1,1.244036996E1,3.595181501E1
6.484002417E0,1.248451995E1,-3.038509356E1,1.213252926E1,3.501878660E1
6.494072417E0,8.253629068E0,-3.140326454E1,1.327347072E1,3.507809062E1
6.504142417E0,4.723757949E0,-3.163688186E1,1.524841459E1,3.543614441E1
6.514212417E0,2.303525809E0,-3.117473898E1,1.540050534E1,3.484746973E1
6.524282417E0,1.099449036E0,-3.044445215E1,1.451027261E1,3.374346554E1
6.534352417E0,8.358998233E-1,-2.952480909E1,1.225007116E1,3.197619933E1
6.544422417E0,1.143311339E0,-2.873653426E1,8.860661854E0,3.009330308E1
6.554492417E0,1.828955846E0,-2.799095111E1,5.256512386E0,2.853890934E1
6.564562417E0,2.414786628E0,-2.716382737E1,3.050148005E0,2.744099333E1
6.574632417E0,2.168035297E0,-2.681444221E1,1.743499959E0,2.695838422E1
6.584702417E0,1.179395676E0,-2.673050426E1,2.229893577E0,2.684926921E1
6.594772417E0,3.328509969E-1,-2.664187216E1,3.453299491E0,2.686680888E1
6.604842417E0,1.947093576E-1,-2.562875551E1,4.484001642E0,2.601878728E1
6.614912417E0,1.093799456E0,-2.429759711E1,4.099725261E0,2.466530700E1
6.624981417E0,2.640610775E0,-2.397725155E1,2.196937792E0,2.422205509E1
6.635051417E0,4.161582663E0,-2.362768629E1,1.303800744E0,2.402678143E1
6.645121417E0,4.355132518E0,-2.384373389E1,2.023058263E0,2.432249144E1
6.655191417E0,4.079492433E0,-2.351533087E1,4.648367752E0,2.431502349E1
6.665261417E0,5.307567934E0,-2.179756158E1,6.864190881E0,2.346105464E1
6.675331417E0,9.214818935E0,-1.951069215E1,7.333215344E0,2.278938445E1
6.685401417E0,1.558937509E1,-1.663275225E1,6.075734780E0,2.359219396E1
6.695471417E0,2.304024226E1,-1.383117698E1,4.011831962E0,2.717073822E1
6.705541417E0,3.069638997E1,-1.330772605E1,3.320074775E0,3.362122583E1
6.715611417E0,3.821474453E1,-1.502550352E1,4.690848066E0,4.132960817E1
6.725681417E0,4.433004333E1,-1.813224848E1,8.587072388E0,4.865869900E1
6.735751417E0,4.631494383E1,-2.093372902E1,1.791992205E1,5.389265849E1
6.745821417E0,4.681714949E1,-2.033814099E1,3.305233606E1,6.081070945E1
6.755891417E0,5.185759439E1,-1.674595317E1,4.680954343E1,7.183850221E1
6.765961417E0,6.111154289E1,-1.285316584E1,5.392403782E1,8.250834141E1
6.776030417E0,6.995303816E1,-9.690323283E0,5.442098567E1,8.915701651E1
6.786100417E0,7.281543733E1,-8.512886424E0,4.869357244E1,8.800921058E1
6.796170417E0,7.230341303E1,-8.878236246E0,3.932829763E1,8.278479093E1
6.806240417E0,6.775341386E1,-1.043825759E1,3.040376021E1,7.499247260E1
6.816310417E0,5.632970397E1,-1.154204585E1,2.285063109E1,6.187411181E1
6.826380417E0,4.487328708E1,-1.291419440E1,1.669895910E1,4.959076069E1
6.836450417E0,3.571240520E1,-1.451877914E1,1.353493482E1,4.085786697E1
6.846520417E0,2.824868001E1,-1.688671787E1,1.283502544E1,3.532544466E1
6.856590417E0,2.241323597E1,-1.963604710E1,1.377325329E1,3.282727522E1
6.866660417E0,1.795414346E1,-2.193287551E1,1.502695129E1,3.208132729E1
6.876730417E0,1.485569336E1,-2.352782052E1,1.531188728E1,3.176009849E1
6.886800417E0,1.275530567E1,-2.509029478E1,1.399296359E1,3.143284500E1
6.896870417E0,1.125497563E1,-2.736828579E1,1.185450585E1,3.187831320E1
6.906940417E0,9.937352357E0,-3.002266910E1,9.136189088E0,3.291780039E1
6.917010417E0,8.011416346E0,-3.286410250E1,6.164846347E0,3.438367862E1
6.927080417E0,5.201716958E0,-3.482828748E1,4.096353464E0,3.545204621E1
6.937150417E0,2.712113451E0,-3.600467945E1,3.019774643E0,3.623274127E1
6.947219417E0,8.699873364E-1,-3.660367056E1,2.341253506E0,3.668878635E1
6.957289417E0,-3.710929567E-1,-3.637722193E1,2.004051158E0,3.643427241E1
6.967359417E0,-8.573053104E-1,-3.608436998E1,2.404617590E0,3.617456171E1
6.977429417E0,-5.360855949E-1,-3.558473476E1,2.664279134E0,3.568836111E1
6.987499417E0,6.181629610E-1,-3.482439324E1,3.148877656E0,3.497193046E1
6.997569417E0,2.129129094E0,-3.362439490E1,3.761010969E0,3.390100775E1
7.007639417E0,4.101883176E0,-3.140546076E1,4.721149799E0,3.202214338E1
7.017709417E0,6.874395441E0,-2.963451221E1,5.977966411E0,3.100318870E1
7.027779417E0,1.026879944E1,-2.698191348E1,6.554315933E0,2.960457658E1
7.037849417E0,1.440879652E1,-2.417146565E1,6.246817294E0,2.882526487E1
7.047919417E0,1.876588435E1,-2.242950058E1,7.010601068E0,3.007306833E1
7.057989417E0,2.210611213E1,-2.091704341E1,8.340254983E0,3.155570871E1
7.068059417E0,2.494016634E1,-2.056284715E1,1.032583201E1,3.393324899E1
7.078129417E0,2.673842840E1,-2.068162281E1,1.208438913E1,3.589854504E1
7.088199417E0,2.749496689E1,-2.034298483E1,1.241723253E1,3.638678194E1
7.098269417E0,2.744033285E1,-1.927045228E1,1.092091016E1,3.526454986E1
7.108338417E0,2.747463027E1,-1.800330334E1,7.858531537E0,3.377470589E1
7.118408417E0,2.682346563E1,-1.660698591E1,4.070205593E0,3.180969762E1
7.128478417E0,2.549918355E1,-1.456280633E1,1.522242488E0,2.940409686E1
7.138548417E0,2.358759778E1,-1.241695771E1,1.253297173E0,2.668569582E1
7.148618417E0,2.180880461E1,-1.113873064E1,1.010233973E0,2.450950533E1
7.158688417E0,1.998462067E1,-1.104588855E1,-1.185695466E-1,2.283442086E1
7.168758417E0,1.784799662E1,-1.133158818E1,-1.883598661E-1,2.114217003E1
7.178828417E0,1.438717936E1,-1.143442200E1,-9.011034407E-2,1.837784145E1
7.188898417E0,1.010755194E1,-1.324940475E1,5.173172021E-1,1.667264075E1
7.198968417E0,5.025232787E0,-1.656700499E1,1.084902917E0,1.734634351E1
7.209038417E0,-5.591394120E-1,-2.126354941E1,3.058089108E0,2.148960398E1
7.219108417E0,-6.000089352E0,-2.677544595E1,7.085488697E0,2.833954355E1
7.229178417E0,-1.135235633E1,-3.172035437E1,1.255655648E1,3.595447102E1
7.239247417E0,-1.670647277E1,-3.536455902E1,1.735970383E1,4.279155973E1
7.249317417E0,-2.195480257E1,-3.758555606E1,2.043158418E1,4.808468584E1
7.259387417E0,-2.641649708E1,-3.783243018E1,2.015248020E1,5.035123186E1
7.269457417E0,-2.874860525E1,-3.899604949E1,1.584605499E1,5.097324433E1
7.279527417E0,-2.949182378E1,-3.824070851E1,1.179730956E1,4.971213101E1
7.289597417E0,-2.826098722E1,-3.654669997E1,1.016481957E1,4.730399808E1
7.299667417E0,-2.771415562E1,-3.567526369E1,1.037969188E1,4.635231240E1
7.309737417E0,-2.845314544E1,-3.465844224E1,1.133607885E1,4.625252196E1
7.319807417E0,-2.763188295E1,-3.290749819E1,1.205002856E1,4.462765489E1
7.329877417E0,-2.384726794E1,-3.106936748E1,1.101417091E1,4.068549797E1
7.339947417E0,-1.820585557E1,-2.920206618E1,8.398804908E0,3.542250372E1
7.350013542E0,-1.118526980E1,-2.755737305E1,5.683212363E0,3.027900218E1
7.360083542E0,-3.907601835E0,-2.648976737E1,3.481433369E0,2.700180560E1
7.370153542E0,2.892038124E0,-2.616108135E1,2.390622717E0,2.642879374E1
7.380223542E0,8.641803496E0,-2.634900618E1,3.090121033E0,2.790160824E1
7.390292542E0,1.372100725E1,-2.684965180E1,5.275858483E0,3.061052963E1
7.400362542E0,1.770047838E1,-2.767230592E1,7.369208465E0,3.366554149E1
7.410432542E0,1.984492835E1,-2.872313478E1,8.657188105E0,3.596924462E1
7.420502542E0,2.038354111E1,-2.992006684E1,9.940236204E0,3.754340746E1
7.430572542E0,2.084733758E1,-2.993317863E1,1.158118945E1,3.827179923E1
7.440642542E0,2.063603558E1,-2.908774376E1,1.194113703E1,3.761028523E1
7.450712542E0,1.998815473E1,-2.906491857E1,1.056314944E1,3.682222083E1
7.460782542E0,1.886142551E1,-2.986524568E1,8.627725739E0,3.636102204E1
7.470852542E0,1.680398562E1,-3.067203748E1,7.115750377E0,3.569007873E1
7.480922542E0,1.340172121E1,-3.065402806E1,6.932993313E0,3.416638646E1
7.490992542E0,1.010022772E1,-3.125153865E1,7.938050746E0,3.378884310E1
7.501062542E0,7.199043964E0,-3.154602081E1,9.368545159E0,3.368601047E1
7.511132542E0,4.963448768E0,-3.114837506E1,9.961096730E0,3.307688831E1
7.521202542E0,3.632107930E0,-3.045131912E1,9.508034581E0,3.210728525E1
7.531272542E0,2.756119012E0,-2.920984531E1,7.999205605E0,3.041050058E1
7.541341542E0,2.082922642E0,-2.773449691E1,5.857699125E0,2.842276420E1
7.551411542E0,2.172243538E0,-2.719158060E1,3.334305729E0,2.748123527E1
7.561481542E0,2.183476040E0,-2.800941194E1,1.552281389E0,2.813724049E1
7.571551542E0,1.067853021E0,-2.685112296E1,2.101692789E0,2.695441015E1
7.581621542E0,-3.180534482E-2,-2.504963324E1,3.555527532E0,2.530072950E1
7.591691542E0,-6.899416262E-1,-2.418276013E1,3.619805388E0,2.446190708E1
7.601761542E0,-8.969470936E-1,-2.317780619E1,3.139850725E0,2.340670580E1
7.611831542E0,-4.358327436E-1,-2.250595410E1,2.609962594E0,2.266097581E1
7.621901542E0,2.240957093E-1,-2.197320258E1,2.020045778E0,2.206699879E1
7.631971542E0,8.828114498E-1,-2.195836469E1,1.506491259E0,2.202767922E1
7.642041542E0,1.546615437E0,-2.217380184E1,1.880020165E0,2.230703887E1
7.652111542E0,1.868129852E0,-2.167473731E1,3.532326365E0,2.203999719E1
7.662181542E0,2.356935446E0,-2.060033014E1,4.888641829E0,2.130322900E1
7.672251542E0,3.202881956E0,-1.982071152E1,5.788411959E0,2.089556822E1
7.682321542E0,4.546406052E0,-1.897348974E1,5.998201870E0,2.041179920E1
7.692390542E0,7.232925071E0,-1.825266370E1,5.882656796E0,2.049586759E1
7.702460542E0,1.093238240E1,-1.807494811E1,5.688909305E0,2.187657247E1
7.712530542E0,1.589154867E1,-1.974541810E1,5.965385542E0,2.603859980E1
7.722600542E0,2.185041807E1,-2.226614575E1,7.674356523E0,3.212658968E1
7.732670542E0,2.771636820E1,-2.321430685E1,1.093274142E1,3.777070219E1
7.742740542E0,3.409480106E1,-2.086148551E1,1.648181339E1,4.323548553E1
7.752810542E0,4.475966866E1,-1.743648595E1,2.237009521E1,5.298943424E1
7.762880542E0,5.926493138E1,-1.482116906E1,2.687656302E1,6.674090787E1
7.772950542E0,7.150270935E1,-1.219379522E1,3.023600827E1,7.858461861E1
7.783020542E0,7.299052636E1,-9.497437672E0,3.336876165E1,8.081641240E1
7.793090542E0,7.285887980E1,-7.961412127E0,3.619477944E1,8.174266027E1
7.803160542E0,7.284570252E1,-8.534678412E0,3.516171209E1,8.133684963E1
7.813230542E0,6.950165182E1,-8.860810373E0,3.214898802E1,7.708794327E1
7.823300542E0,6.002206628E1,-7.644125834E0,2.812637730E1,6.672461466E1
7.833370542E0,5.139522932E1,-7.822100460E0,2.340897235E1,5.701433889E1
7.843440542E0,4.380381263E1,-8.817588340E0,2.067052948E1,4.923204905E1
7.853509542E0,3.603898389E1,-9.949923871E0,1.923320435E1,4.204432773E1
7.863579542E0,2.899244350E1,-1.178706056E1,1.810070158E1,3.615428017E1
7.873649542E0,2.331626826E1,-1.383346909E1,1.644354687E1,3.170809780E1
7.883719542E0,1.887791817E1,-1.629372250E1,1.497676815E1,2.908891149E1
7.893789542E0,1.570039851E1,-1.906386781E1,1.328774845E1,2.804456860E1
7.903859542E0,1.310832547E1,-2.216384053E1,1.148476185E1,2.819510202E1
7.913929542E0,1.039996769E1,-2.551147674E1,8.547958024E0,2.884549115E1
7.923999542E0,7.939874493E0,-2.821460243E1,6.276359181E0,2.997495758E1
7.934069542E0,6.143717433E0,-3.043098719E1,5.386210061E0,3.150875281E1
7.944139542E0,4.637216234E0,-3.252217604E1,4.447186403E0,3.315076433E1
7.954209542E0,3.145243027E0,-3.386713855E1,3.732617474E0,3.421707264E1
7.964279542E0,2.655861483E0,-3.388500998E1,3.535134782E0,3.417227940E1
7.974349542E0,3.235158001E0,-3.359949512E1,3.117572833E0,3.389854834E1
7.984419542E0,3.970886834E0,-3.297881317E1,3.198939178E0,3.337069482E1
7.994489542E0,4.828658752E0,-3.166812704E1,4.424995050E0,3.233831778E1
8.004559542E0,6.136351111E0,-3.070394925E1,5.558536862E0,3.180070182E1
8.014628542E0,8.077828436E0,-3.013060402E1,6.012764361E0,3.176882035E1
8.024698542E0,1.060712050E1,-2.934980193E1,6.619531099E0,3.190203866E1
8.034768542E0,1.295038048E1,-2.868305328E1,7.734406843E0,3.240757550E1
8.044838542E0,1.486819939E1,-2.767291637E1,9.552577500E0,3.283451523E1
8.054908542E0,1.696445894E1,-2.671064009E1,1.152369729E1,3.367561077E1
8.064978542E0,1.995902156E1,-2.552619067E1,1.217376967E1,3.461429791E1
8.075048542E0,2.320073195E1,-2.414770958E1,1.140213133E1,3.537505392E1
8.085118542E0,2.674018023E1,-2.372118560E1,1.068786354E1,3.730901114E1
8.095188542E0,2.945061962E1,-2.269141374E1,1.089365746E1,3.874159298E1
8.105258542E0,3.071655350E1,-2.137304437E1,1.158737346E1,3.917372727E1
8.115328542E0,3.101906505E1,-2.083813874E1,1.085537691E1,3.891336057E1
8.125398542E0,3.102286107E1,-2.032525139E1,9.544102546E0,3.829652264E1
8.135468542E0,3.058551740E1,-1.911877434E1,8.189448860E0,3.698740974E1
8.145538542E0,2.912705342E1,-1.736950727E1,5.959731284E0,3.443259242E1
8.155607542E0,2.750314130E1,-1.520390207E1,4.548622439E0,3.175328937E1
8.165677542E0,2.547001764E1,-1.351511393E1,4.319204886E0,2.915537058E1
8.175747542E0,2.240732092E1,-1.293648048E1,4.235365169E0,2.621791137E1
8.185817542E0,1.923022110E1,-1.440570685E1,5.453762358E0,2.463877670E1
8.195887542E0,1.402524490E1,-1.622229759E1,5.941098547E0,2.225235011E1
8.205957542E0,7.036240523E0,-1.928517908E1,7.764557426E0,2.194801050E1
8.216027542E0,3.650007427E-1,-2.246976685E1,1.050455917E1,2.480664046E1
8.226097542E0,-5.302312456E0,-2.627071196E1,1.161485070E1,2.920906676E1
8.236167542E0,-1.089445970E1,-3.107800733E1,1.228680103E1,3.514964112E1
8.246237542E0,-1.587939348E1,-3.434172430E1,1.417638490E1,4.040394849E1
8.256307542E0,-1.879793761E1,-3.833900956E1,1.618813582E1,4.566506163E1
8.266377542E0,-2.244745621E1,-4.160879126E1,1.808749389E1,5.061953413E1
8.276447542E0,-2.656498595E1,-4.123485480E1,2.013702718E1,5.302368898E1
8.286517542E0,-2.886696225E1,-4.060986697E1,2.086919915E1,5.401838833E1
8.296586542E0,-2.906261242E1,-4.009047518E1,2.128546477E1,5.389761267E1
8.306656542E0,-2.787852787E1,-3.862811695E1,2.138447451E1,5.221723360E1
8.316726542E0,-2.580558701E1,-3.661501415E1,2.034012437E1,4.919662836E1
8.326796542E0,-2.188846473E1,-3.379352444E1,1.806665793E1,4.413061648E1
8.336866542E0,-1.594092022E1,-3.089732368E1,1.393855525E1,3.745718717E1
8.346936542E0,-8.688215185E0,-2.856927582E1,8.958501559E0,3.117600607E1
8.357006917E0,-1.444685605E0,-2.681487724E1,4.618741372E0,2.724807387E1
8.367076917E0,5.240415001E0,-2.586383931E1,1.558533817E0,2.643537707E1
8.377146917E0,9.945076529E0,-2.608512134E1,7.716102719E-1,2.792728925E1
8.387216917E0,1.361911484E1,-2.732521053E1,3.146418610E0,3.069279019E1
8.397286917E0,1.641468853E1,-2.921463301E1,7.005016977E0,3.423458842E1
8.407356917E0,1.791542203E1,-3.041144345E1,1.051430882E1,3.682891431E1
8.417426917E0,1.774104871E1,-3.044779910E1,1.349433994E1,3.773473850E1
8.427496917E0,1.650826269E1,-3.102795048E1,1.572364938E1,3.850311153E1
8.437565917E0,1.512643933E1,-3.135515833E1,1.736196670E1,3.890235222E1
8.447635917E0,1.369217463E1,-3.126229285E1,1.739130335E1,3.830488262E1
8.457705917E0,1.204750724E1,-3.049880085E1,1.610940540E1,3.653535584E1
8.467775917E0,1.037449254E1,-3.015033019E1,1.440919062E1,3.498995971E1
8.477845917E0,8.842137290E0,-3.051413459E1,1.174562251E1,3.387115956E1
8.487915917E0,7.130457294E0,-3.102334755E1,9.265107329E0,3.315318580E1
8.497985917E0,5.327908643E0,-3.113981006E1,8.786327371E0,3.279136974E1
8.508055917E0,3.628087385E0,-3.110834034E1,9.260883300E0,3.265969713E1
8.518125917E0,1.729541486E0,-3.050131984E1,9.766613075E0,3.207348681E1
8.528195917E0,1.428474784E-2,-2.950147169E1,9.943331720E0,3.113208765E1
8.538265917E0,-9.827111292E-1,-2.901918866E1,9.002490748E0,3.039940577E1
8.548335917E0,-9.909445935E-1,-2.893808778E1,7.566210515E0,2.992728583E1
8.558405917E0,-6.870250350E-1,-2.833600700E1,6.482713854E0,2.907622526E1
8.568475917E0,-1.133576310E-1,-2.745163902E1,5.486220837E0,2.799471297E1
8.578544917E0,6.567826509E-2,-2.665840107E1,4.591582517E0,2.705101276E1
8.588614917E0,-7.720838964E-2,-2.620489336E1,4.217126242E0,2.654216553E1
8.598684917E0,7.256394625E-2,-2.531992195E1,4.816614658E0,2.577408563E1
8.608754917E0,8.216507435E-2,-2.307302409E1,5.797937658E0,2.379048702E1
8.618824917E0,2.273818445E-1,-2.125094047E1,6.078530919E0,2.210435956E1
8.628894917E0,9.504228044E-1,-2.045022276E1,4.948957028E0,2.106198210E1
8.638964917E0,2.248732721E0,-1.987432581E1,2.965604283E0,2.021980302E1
8.649034917E0,3.273039773E0,-2.001764341E1,1.392033767E0,2.033117299E1
8.659104917E0,3.623601401E0,-2.032527010E1,1.877410553E0,2.073093732E1
8.669174917E0,4.037698874E0,-1.991231868E1,4.223346510E0,2.075186987E1
8.679244917E0,5.014271012E0,-1.952722925E1,5.788937624E0,2.097539975E1
8.689314917E0,7.744086909E0,-1.935573392E1,6.579403412E0,2.186101248E1
8.699384917E0,1.263201362E1,-1.950898593E1,6.161162016E0,2.404429699E1
8.709454917E0,1.905732478E1,-2.088553159E1,5.200691357E0,2.874776945E1
8.719524917E0,2.771072213E1,-2.172890825E1,4.699629706E0,3.552627330E1
8.729593917E0,3.939746786E1,-2.245221117E1,4.102116480E0,4.553119392E1
8.739663917E0,5.179331712E1,-2.309787008E1,6.410122426E0,5.707143742E1
8.749733917E0,6.265132995E1,-2.257392213E1,1.301411981E1,6.785380181E1
8.759803917E0,7.037945455E1,-2.230396086E1,2.492475542E1,7.792289603E1
8.769873917E0,7.234243501E1,-1.705121058E1,4.033652133E1,8.456480733E1
8.779943917E0,7.254320968E1,-6.388097718E0,4.884916919E1,8.769017273E1
8.790013917E0,7.276457591E1,-1.368090003E0,4.953798523E1,8.803730549E1
8.800083917E0,7.242015152E1,-7.322164106E0,4.968507779E1,8.813001412E1
8.810153917E0,6.761338006E1,-4.772614360E0,3.089638345E1,7.449116405E1
8.820223917E0,6.038420540E1,-3.605911235E0,1.703444193E1,6.284446729E1
8.830293917E0,4.960278173E1,-2.244766554E0,1.546300857E1,5.200557246E1
8.840363917E0,3.801239578E1,-3.749279115E0,1.358625700E1,4.054116064E1
8.850433917E0,3.067535168E1,-5.866482228E0,9.044912297E0,3.251466213E1
8.860503917E0,2.583352500E1,-8.642304018E0,4.881206802E0,2.767465650E1
8.870573917E0,2.182864304E1,-1.160623307E1,2.172795223E0,2.481764175E1
8.880643917E0,1.844881791E1,-1.488870440E1,2.327057344E0,2.382115860E1
8.890712917E0,1.601381512E1,-1.816797146E1,3.953100774E0,2.453863214E1
8.900782917E0,1.458202496E1,-2.104241473E1,4.972089783E0,2.607950050E1
8.910852917E0,1.379598610E1,-2.459364163E1,4.317772318E0,2.852752354E1
8.920922917E0,1.233771157E1,-2.777671849E1,3.610148127E0,3.060716233E1
8.930992917E0,1.026903683E1,-2.991311567E1,3.707408081E0,3.184324860E1
8.941062917E0,8.496890781E0,-3.233226549E1,4.431307997E0,3.372253008E1
8.951132917E0,6.985384365E0,-3.422487120E1,4.858057091E0,3.526667155E1
8.961202917E0,6.435696393E0,-3.527214729E1,4.967918964E0,3.619699961E1
8.971272917E0,7.136185811E0,-3.564259179E1,4.693173503E0,3.665167629E1
8.981342917E0,8.329997798E0,-3.546775770E1,4.143552189E0,3.666769320E1
8.991412917E0,9.349154037E0,-3.472212544E1,4.873504558E0,3.628751470E1
9.001482917E0,9.713108713E0,-3.375967842E1,5.947109485E0,3.562903983E1
9.011552917E0,9.774251878E0,-3.264441091E1,7.541545790E0,3.490083776E1
9.021622917E0,9.940323912E0,-2.982937418E1,9.117376256E0,3.273725941E1
9.031692917E0,1.115906960E1,-2.725367569E1,9.028627217E0,3.080265869E1
9.041761917E0,1.384346549E1,-2.480399639E1,8.449080437E0,2.963556535E1
9.051831917E0,1.756151814E1,-2.208209411E1,8.278635855E0,2.940342856E1
9.061901917E0,2.082518833E1,-2.013117529E1,7.969350307E0,3.004102581E1
9.071971917E0,2.414966021E1,-1.876021839E1,7.622457806E0,3.151592844E1
9.082041917E0,2.775118486E1,-1.753217564E1,7.280530761E0,3.362308094E1
9.092111917E0,3.077654828E1,-1.684411740E1,7.393298993E0,3.585500083E1
9.102181917E0,3.245375192E1,-1.592311194E1,6.938383861E0,3.680941018E1
9.112251917E0,3.318151743E1,-1.539461720E1,4.807150354E0,3.689330606E1
9.122321917E0,3.235264888E1,-1.500657492E1,2.307424732E0,3.573815034E1
9.132391917E0,3.074943825E1,-1.391623175E1,9.119685906E-1,3.376419916E1
9.142461917E0,2.826652571E1,-1.317323892E1,2.184556313E-1,3.118618961E1
9.152531917E0,2.534043398E1,-1.229722544E1,5.300946108E-1,2.817162311E1
9.162601917E0,2.304705309E1,-1.214024758E1,1.725784650E0,2.610614105E1
9.172671917E0,2.085880982E1,-1.337603322E1,3.221711744E0,2.498774977E1
9.182740917E0,1.758882229E1,-1.540629058E1,5.179899827E0,2.394894197E1
9.192810917E0,1.258545341E1,-1.761387177E1,6.788003415E0,2.268742177E1
9.202880917E0,5.939571254E0,-2.108738683E1,9.058829840E0,2.370693545E1
9.212950917E0,-1.022352912E0,-2.606205992E1,1.319432983E1,2.922954861E1
9.223020917E0,-7.666811276E0,-3.051098177E1,1.698448332E1,3.575154091E1
9.233090917E0,-1.354029905E1,-3.352080095E1,1.937058819E1,4.101467398E1
9.243160917E0,-1.694613611E1,-3.674755182E1,2.154254346E1,4.584359576E1
9.253230917E0,-1.929137011E1,-4.051779905E1,2.163347702E1,4.981823289E1
9.263300917E0,-2.269377836E1,-4.046906602E1,2.225398354E1,5.145865004E1
9.273370917E0,-2.447003851E1,-3.893311239E1,2.177770678E1,5.088063028E1
9.283440917E0,-2.421888189E1,-3.875074008E1,2.040672415E1,5.004606365E1
9.293510917E0,-2.460397249E1,-3.782143975E1,2.059370876E1,4.959755647E1
9.303580917E0,-2.566853997E1,-3.615286660E1,2.159378845E1,4.931729319E1
9.313650917E0,-2.495163390E1,-3.428262532E1,2.133345170E1,4.746576234E1
9.323719917E0,-2.126520534E1,-3.161388359E1,1.882931260E1,4.249928949E1
9.333789917E0,-1.525274737E1,-2.924933975E1,1.398825658E1,3.583073402E1
9.343859917E0,-8.317188302E0,-2.713260090E1,8.260850379E0,2.955664565E1
9.353929833E0,-1.540315647E0,-2.545490376E1,3.327084710E0,2.571758523E1
9.363999833E0,4.339015253E0,-2.488678594E1,2.348300278E-1,2.526329973E1
9.374069833E0,9.742926589E0,-2.506169020E1,4.182823259E-1,2.689215302E1
9.384139833E0,1.528508949E1,-2.651194937E1,2.647552882E0,3.071688390E1
9.394209833E0,1.957154062E1,-2.820434875E1,5.118235676E0,3.470917497E1
9.404279833E0,2.195072121E1,-2.912412747E1,8.611873938E0,3.747283463E1
9.414349833E0,2.257981379E1,-3.032796860E1,1.173975190E1,3.959110310E1
9.424419833E0,2.259820679E1,-3.168550497E1,1.451415048E1,4.153686001E1
9.434489833E0,2.148861108E1,-3.205172310E1,1.607146749E1,4.180150030E1
9.444559833E0,1.949602149E1,-3.192869066E1,1.672654510E1,4.097942718E1
9.454628833E0,1.712069304E1,-3.141478122E1,1.692526740E1,3.957867211E1
9.464698833E0,1.463903765E1,-3.094038024E1,1.621993181E1,3.787736449E1
9.474768833E0,1.169358580E1,-3.050686300E1,1.433799492E1,3.567893969E1
9.484838833E0,8.955327691E0,-3.021938581E1,1.256060158E1,3.392901243E1
9.494908833E0,6.673107966E0,-2.987048947E1,1.089471347E1,3.248801767E1
9.504978833E0,4.606238270E0,-2.903593509E1,9.666086574E0,3.094731308E1
9.515048833E0,2.760790937E0,-2.898509238E1,8.670765924E0,3.037992311E1
9.525118833E0,1.373731397E0,-2.853332480E1,7.941259114E0,2.964964348E1
9.535188833E0,4.578808397E-1,-2.788626256E1,7.196005751E0,2.880339899E1
9.545258833E0,-3.614573300E-2,-2.750368860E1,6.784395098E0,2.832811695E1
9.555328833E0,-1.865776348E-1,-2.690000100E1,7.273718755E0,2.786667992E1
9.565398833E0,-5.136077285E-2,-2.651317494E1,7.348255552E0,2.751268695E1
9.575468833E0,-2.682614833E-1,-2.600782816E1,7.683365328E0,2.712034647E1
9.585538833E0,-3.544769239E-1,-2.496300557E1,8.291348872E0,2.630634462E1
9.595607833E0,-3.475292623E-1,-2.387822544E1,8.236797273E0,2.526133916E1
9.605677833E0,-3.702123660E-1,-2.233918917E1,8.182203575E0,2.379337902E1
9.615747833E0,-5.220218718E-2,-2.077888072E1,7.731658652E0,2.217077253E1
9.625817833E0,6.158948261E-1,-1.921959437E1,5.934994054E0,2.012451958E1
9.635887833E0,1.298983516E0,-1.818118149E1,3.131794139E0,1.849461687E1
9.645957833E0,2.731050829E0,-1.826486801E1,9.523614487E-1,1.849245885E1
9.656027833E0,3.448442209E0,-1.848244641E1,-9.908691645E-3,1.880140094E1
9.666097833E0,3.653511663E0,-1.774665268E1,1.416593534E0,1.817411802E1
9.676167833E0,4.819155858E0,-1.678300932E1,3.495171694E0,1.780757957E1
9.686237833E0,8.074978504E0,-1.620627856E1,3.680590119E0,1.847689060E1
9.696307833E0,1.387294832E1,-1.522949884E1,2.982410350E0,2.081564560E1
9.706377833E0,2.179735342E1,-1.637816448E1,8.202430263E-1,2.727712753E1
9.716447833E0,2.846768396E1,-2.044025209E1,-1.443231694E0,3.507557345E1
9.726517833E0,3.333115002E1,-2.429704279E1,1.755906874E0,4.128431977E1
9.736587833E0,3.720656059E1,-2.528104498E1,9.368798343E0,4.594816393E1
9.746656833E0,4.259579191E1,-2.409612310E1,1.933383259E1,5.261959444E1
9.756726833E0,5.105693749E1,-2.123701708E1,2.884531352E1,6.236885338E1
9.766796833E0,6.027288377E1,-1.879095370E1,3.386802499E1,7.164470375E1
9.776866833E0,6.788259055E1,-1.404110606E1,3.516926202E1,7.773079023E1
9.786936833E0,7.246292975E1,-9.037504460E0,3.303746542E1,8.015002680E1
9.797006833E0,7.268062860E1,-5.902004063E0,2.807221571E1,7.813678213E1
9.807076833E0,7.172180218E1,-4.071365388E0,2.392929035E1,7.571792298E1
9.817146833E0,6.555990342E1,-2.131381441E0,2.187953487E1,6.914736270E1
9.827216833E0,5.633663642E1,-6.694132215E-1,2.059255101E1,5.998598065E1
9.837286833E0,4.699540069E1,-2.308071434E-2,1.857883776E1,5.053455680E1
9.847356833E0,3.896478325E1,-4.311292434E-1,1.679707538E1,4.243326464E1
9.857426833E0,3.247127018E1,-2.411488799E0,1.516411528E1,3.591864498E1
9.867496833E0,2.695583724E1,-5.075646896E0,1.306694356E1,3.038296178E1
9.877566833E0,2.232507399E1,-7.999052408E0,1.147067707E1,2.634331415E1
9.887636833E0,1.889493941E1,-1.163288819E1,9.952103713E0,2.431845372E1
9.897705833E0,1.575244575E1,-1.518428700E1,8.365295684E0,2.342392560E1
9.907775833E0,1.282296965E1,-1.840995614E1,7.112994000E0,2.353613646E1
9.917845833E0,1.071265807E1,-2.141241016E1,5.866640103E0,2.465095978E1
9.927915833E0,9.110449644E0,-2.437631934E1,4.556944488E0,2.641914042E1
9.937985833E0,7.685451030E0,-2.696070914E1,4.096054087E0,2.833237819E1
9.948055833E0,6.369849143E0,-2.890126669E1,4.287206875E0,2.990381811E1
9.958125833E0,5.498300015E0,-3.033414794E1,4.721682188E0,3.118791620E1
9.968195833E0,5.166585132E0,-3.169123524E1,5.331727459E0,3.254927511E1
9.978265833E0,5.184577015E0,-3.270996054E1,7.094700401E0,3.386969340E1
9.988335833E0,5.731637834E0,-3.277886880E1,9.602768830E0,3.463407400E1
9.998405833E0,6.964749541E0,-3.305864638E1,1.160406259E1,3.572164757E1